{"metric": 1.0, "_timestamp": 1704763881.606773, "_runtime": 0.5318138599395752, "_step": 0, "_wandb": {"runtime": 0}}